Mutations,"Interfacing
structures",Nocc,Diss.,Sym.ID,"Buried area
[Å2]","ΔiG
[kcal/mol]",NHB,NSB,NDS,CSS
7E5O,A + H,1,×,1_555,498.3,0.9,11,1,0,0.011
GlobalMinimized,A + D,1,×,1_555,509.3,-1.6,8,2,0,0
p.Tyr104Ala,A + D,1,×,1_555,483.5,-0.7,10,2,0,0
p.Tyr104Arg,A + D,1,,1_555,538,-0.1,11,6,0,0
p.Tyr104Asn,A + D,1,×,1_555,533.7,-0.1,12,2,0,0
p.Tyr104Asp,A + D,1,×,1_555,490.7,0.2,10,6,0,0
p.Tyr104Cys,A + D,1,×,1_555,500.4,-1.8,8,2,0,0
p.Tyr104Gln,A + D,1,,1_555,550.8,-0.1,12,2,0,0
p.Tyr104Glu,A + D,1,,1_555,508.6,0.2,12,4,0,0
p.Tyr104Gly,A + D,1,×,1_555,471.5,-0.4,9,2,0,0
p.Tyr104His,A + D,1,×,1_555,511.7,1.6,10,3,0,0
p.Tyr104Ile,A + D,1,×,1_555,530.5,0.6,10,2,0,0
p.Tyr104Leu,A + D,1,×,1_555,548.5,-0.1,10,2,0,0
p.Tyr104Lys,A + D,1,×,1_555,546.4,0.4,11,4,0,0
p.Tyr104Met,A + D,1,,1_555,533.6,-3.3,10,2,0,0
p.Tyr104Phe,A + D,1,,1_555,509.8,-2.4,9,2,0,0
p.Tyr104Pro,A + D,1,×,1_555,486.3,-0.8,9,2,0,0
p.Tyr104Ser,A + D,1,×,1_555,500.4,-0.7,11,1,0,0
p.Tyr104Thr,A + D,1,,1_555,525.2,-0.5,12,1,0,0
p.Tyr104Trp,A + D,1,×,1_555,510.7,-1.8,9,2,0,0
p.Tyr104Val,A + D,1,×,1_555,506,0,10,2,0,0
p.Tyr104Typ,A + D,1,×,1_555,452.1,-0.2,6,2,0,0
p.Tyr104Nle,A + D,1,,1_555,520.8,-1.9,9,2,0,0